{
  "model": {
    "type": "range_dispatch",
    "property": "custom_model_data",
    "fallback": {
      "type": "model",
      "model": "item/disc_fragment_5"
    },
    "entries": [
      {
        "threshold": 17,
        "model": {
          "type": "model",
          "model": "item/fragment_honeypiejawnyone"
        }
      },
      {
        "threshold": 14,
        "model": {
          "type": "model",
          "model": "item/fragment_badappleone"
        }
      },
      {
        "threshold": 15,
        "model": {
          "type": "model",
          "model": "item/fragment_californiagurlskatyperryone"
        }
      },
      {
        "threshold": 6,
        "model": {
          "type": "model",
          "model": "item/fragment_welcometotheinternetboburnhamone"
        }
      },
      {
        "threshold": 7,
        "model": {
          "type": "model",
          "model": "item/fragment_thephoenixfalloutboyone"
        }
      },
      {
        "threshold": 2,
        "model": {
          "type": "model",
          "model": "item/fragment_wedidntstartthefirebillyjoelone"
        }
      },
      {
        "threshold": 1,
        "model": {
          "type": "model",
          "model": "item/fragment_fentravisscottone"
        }
      },
      {
        "threshold": 3,
        "model": {
          "type": "model",
          "model": "item/fragment_howbadcanibetheloraxone"
        }
      },
      {
        "threshold": 4,
        "model": {
          "type": "model",
          "model": "item/fragment_fallenkingdomcaptainsparklezone"
        }
      },
      {
        "threshold": 5,
        "model": {
          "type": "model",
          "model": "item/fragment_dontmineatnightbebopvoxone"
        }
      },
      {
        "threshold": 8,
        "model": {
          "type": "model",
          "model": "item/fragment_maskdreamone"
        }
      },
      {
        "threshold": 9,
        "model": {
          "type": "model",
          "model": "item/fragment_toxictilltheendrosone"
        }
      },
      {
        "threshold": 10,
        "model": {
          "type": "model",
          "model": "item/fragment_espressosabrinacarpenterone"
        }
      },
      {
        "threshold": 11,
        "model": {
          "type": "model",
          "model": "item/fragment_sleepervindsveptone"
        }
      },
      {
        "threshold": 12,
        "model": {
          "type": "model",
          "model": "item/fragment_goldenhourjvkeone"
        }
      },
      {
        "threshold": 13,
        "model": {
          "type": "model",
          "model": "item/fragment_imisstheragemariojudahone"
        }
      },
      {
        "threshold": 16,
        "model": {
          "type": "model",
          "model": "item/fragment_flintandsteelepochgdone"
        }
      },
      {
        "threshold": 18,
        "model": {
          "type": "model",
          "model": "item/fragment_renaicirculationone"
        }
      },
      {
        "threshold": 19,
        "model": {
          "type": "model",
          "model": "item/fragment_nipponegaohyakkeimomoirocloverzone"
        }
      },
      {
        "threshold": 20,
        "model": {
          "type": "model",
          "model": "item/fragment_icanswingmyswordtobuscusone"
        }
      },
      {
        "threshold": 21,
        "model": {
          "type": "model",
          "model": "item/fragment_safetytorchtobuscusone"
        }
      },
      {
        "threshold": 22,
        "model": {
          "type": "model",
          "model": "item/fragment_vivalavidacoldplayone"
        }
      },
      {
        "threshold": 23,
        "model": {
          "type": "model",
          "model": "item/fragment_poisonhazbinhotelone"
        }
      },
      {
        "threshold": 24,
        "model": {
          "type": "model",
          "model": "item/fragment_respectlesshazbinhotelone"
        }
      },
      {
        "threshold": 25,
        "model": {
          "type": "model",
          "model": "item/fragment_loserbabyhazbinhotelone"
        }
      },
      {
        "threshold": 26,
        "model": {
          "type": "model",
          "model": "item/fragment_hellsgreatestdadhazbinhotelone"
        }
      },
      {
        "threshold": 27,
        "model": {
          "type": "model",
          "model": "item/fragment_stayedgonehazbinhotelone"
        }
      },
      {
        "threshold": 28,
        "model": {
          "type": "model",
          "model": "item/fragment_hellisforeverhazbinhotelone"
        }
      },
      {
        "threshold": 29,
        "model": {
          "type": "model",
          "model": "item/fragment_insaneblackgryphzeronone"
        }
      },
      {
        "threshold": 30,
        "model": {
          "type": "model",
          "model": "item/fragment_findthepiecescaptainsparklezone"
        }
      },
      {
        "threshold": 31,
        "model": {
          "type": "model",
          "model": "item/fragment_takebackthenightcaptainsparklezone"
        }
      },
      {
        "threshold": 32,
        "model": {
          "type": "model",
          "model": "item/fragment_dragonheartedcaptainsparklezone"
        }
      },
      {
        "threshold": 33,
        "model": {
          "type": "model",
          "model": "item/fragment_risingkingdomcaptainsparklezone"
        }
      }
    ]
  }
}