{
  "model": {
    "type": "range_dispatch",
    "property": "custom_model_data",
    "fallback": {
      "type": "model",
      "model": "item/music_disc_11"
    },
    "entries": [
      {
        "threshold": 17,
        "model": {
          "type": "model",
          "model": "item/music_disc_honeypiejawnyone"
        }
      },
      {
        "threshold": 14,
        "model": {
          "type": "model",
          "model": "item/music_disc_badappleone"
        }
      },
      {
        "threshold": 15,
        "model": {
          "type": "model",
          "model": "item/music_disc_californiagurlskatyperryone"
        }
      },
      {
        "threshold": 6,
        "model": {
          "type": "model",
          "model": "item/music_disc_welcometotheinternetboburnhamone"
        }
      },
      {
        "threshold": 7,
        "model": {
          "type": "model",
          "model": "item/music_disc_thephoenixfalloutboyone"
        }
      },
      {
        "threshold": 2,
        "model": {
          "type": "model",
          "model": "item/music_disc_wedidntstartthefirebillyjoelone"
        }
      },
      {
        "threshold": 1,
        "model": {
          "type": "model",
          "model": "item/music_disc_fentravisscottone"
        }
      },
      {
        "threshold": 3,
        "model": {
          "type": "model",
          "model": "item/music_disc_howbadcanibetheloraxone"
        }
      },
      {
        "threshold": 4,
        "model": {
          "type": "model",
          "model": "item/music_disc_fallenkingdomcaptainsparklezone"
        }
      },
      {
        "threshold": 5,
        "model": {
          "type": "model",
          "model": "item/music_disc_dontmineatnightbebopvoxone"
        }
      },
      {
        "threshold": 8,
        "model": {
          "type": "model",
          "model": "item/music_disc_maskdreamone"
        }
      },
      {
        "threshold": 9,
        "model": {
          "type": "model",
          "model": "item/music_disc_toxictilltheendrosone"
        }
      },
      {
        "threshold": 10,
        "model": {
          "type": "model",
          "model": "item/music_disc_espressosabrinacarpenterone"
        }
      },
      {
        "threshold": 11,
        "model": {
          "type": "model",
          "model": "item/music_disc_sleepervindsveptone"
        }
      },
      {
        "threshold": 12,
        "model": {
          "type": "model",
          "model": "item/music_disc_goldenhourjvkeone"
        }
      },
      {
        "threshold": 13,
        "model": {
          "type": "model",
          "model": "item/music_disc_imisstheragemariojudahone"
        }
      },
      {
        "threshold": 16,
        "model": {
          "type": "model",
          "model": "item/music_disc_flintandsteelepochgdone"
        }
      },
      {
        "threshold": 18,
        "model": {
          "type": "model",
          "model": "item/music_disc_renaicirculationone"
        }
      },
      {
        "threshold": 19,
        "model": {
          "type": "model",
          "model": "item/music_disc_nipponegaohyakkeimomoirocloverzone"
        }
      },
      {
        "threshold": 20,
        "model": {
          "type": "model",
          "model": "item/music_disc_icanswingmyswordtobuscusone"
        }
      },
      {
        "threshold": 21,
        "model": {
          "type": "model",
          "model": "item/music_disc_safetytorchtobuscusone"
        }
      },
      {
        "threshold": 22,
        "model": {
          "type": "model",
          "model": "item/music_disc_vivalavidacoldplayone"
        }
      },
      {
        "threshold": 23,
        "model": {
          "type": "model",
          "model": "item/music_disc_poisonhazbinhotelone"
        }
      },
      {
        "threshold": 24,
        "model": {
          "type": "model",
          "model": "item/music_disc_respectlesshazbinhotelone"
        }
      },
      {
        "threshold": 25,
        "model": {
          "type": "model",
          "model": "item/music_disc_loserbabyhazbinhotelone"
        }
      },
      {
        "threshold": 26,
        "model": {
          "type": "model",
          "model": "item/music_disc_hellsgreatestdadhazbinhotelone"
        }
      },
      {
        "threshold": 27,
        "model": {
          "type": "model",
          "model": "item/music_disc_stayedgonehazbinhotelone"
        }
      },
      {
        "threshold": 28,
        "model": {
          "type": "model",
          "model": "item/music_disc_hellisforeverhazbinhotelone"
        }
      },
      {
        "threshold": 29,
        "model": {
          "type": "model",
          "model": "item/music_disc_insaneblackgryphzeronone"
        }
      },
      {
        "threshold": 30,
        "model": {
          "type": "model",
          "model": "item/music_disc_findthepiecescaptainsparklezone"
        }
      },
      {
        "threshold": 31,
        "model": {
          "type": "model",
          "model": "item/music_disc_takebackthenightcaptainsparklezone"
        }
      },
      {
        "threshold": 32,
        "model": {
          "type": "model",
          "model": "item/music_disc_dragonheartedcaptainsparklezone"
        }
      },
      {
        "threshold": 33,
        "model": {
          "type": "model",
          "model": "item/music_disc_risingkingdomcaptainsparklezone"
        }
      }
    ]
  }
}