{
  "model": {
    "type": "range_dispatch",
    "property": "custom_model_data",
    "fallback": {
      "type": "model",
      "model": "item/disc_fragment_5"
    },
    "entries": [
      {
        "threshold": 6,
        "model": {
          "type": "model",
          "model": "item/fragment_honeypiejawnyone"
        }
      },
      {
        "threshold": 7,
        "model": {
          "type": "model",
          "model": "item/fragment_badappleone"
        }
      },
      {
        "threshold": 2,
        "model": {
          "type": "model",
          "model": "item/fragment_californiagurlskatyperryone"
        }
      },
      {
        "threshold": 1,
        "model": {
          "type": "model",
          "model": "item/fragment_welcometotheinternetboburnhamone"
        }
      },
      {
        "threshold": 3,
        "model": {
          "type": "model",
          "model": "item/fragment_thephoenixfalloutboyone"
        }
      },
      {
        "threshold": 4,
        "model": {
          "type": "model",
          "model": "item/fragment_wedidntstartthefirebillyjoelone"
        }
      },
      {
        "threshold": 5,
        "model": {
          "type": "model",
          "model": "item/fragment_fentravisscottone"
        }
      },
      {
        "threshold": 8,
        "model": {
          "type": "model",
          "model": "item/fragment_howbadcanibetheloraxone"
        }
      },
      {
        "threshold": 9,
        "model": {
          "type": "model",
          "model": "item/fragment_fallenkingdomcaptainsparklezone"
        }
      },
      {
        "threshold": 10,
        "model": {
          "type": "model",
          "model": "item/fragment_dontmineatnightbebopvoxone"
        }
      },
      {
        "threshold": 11,
        "model": {
          "type": "model",
          "model": "item/fragment_maskdreamone"
        }
      },
      {
        "threshold": 12,
        "model": {
          "type": "model",
          "model": "item/fragment_toxictilltheendrosone"
        }
      },
      {
        "threshold": 13,
        "model": {
          "type": "model",
          "model": "item/fragment_espressosabrinacarpenterone"
        }
      },
      {
        "threshold": 14,
        "model": {
          "type": "model",
          "model": "item/fragment_sleepervindsveptone"
        }
      }
    ]
  }
}