{
  "model": {
    "type": "range_dispatch",
    "property": "custom_model_data",
    "fallback": {
      "type": "model",
      "model": "item/music_disc_11"
    },
    "entries": [
      {
        "threshold": 6,
        "model": {
          "type": "model",
          "model": "item/music_disc_honeypiejawnyone"
        }
      },
      {
        "threshold": 7,
        "model": {
          "type": "model",
          "model": "item/music_disc_badappleone"
        }
      },
      {
        "threshold": 2,
        "model": {
          "type": "model",
          "model": "item/music_disc_californiagurlskatyperryone"
        }
      },
      {
        "threshold": 1,
        "model": {
          "type": "model",
          "model": "item/music_disc_welcometotheinternetboburnhamone"
        }
      },
      {
        "threshold": 3,
        "model": {
          "type": "model",
          "model": "item/music_disc_thephoenixfalloutboyone"
        }
      },
      {
        "threshold": 4,
        "model": {
          "type": "model",
          "model": "item/music_disc_wedidntstartthefirebillyjoelone"
        }
      },
      {
        "threshold": 5,
        "model": {
          "type": "model",
          "model": "item/music_disc_fentravisscottone"
        }
      },
      {
        "threshold": 8,
        "model": {
          "type": "model",
          "model": "item/music_disc_howbadcanibetheloraxone"
        }
      },
      {
        "threshold": 9,
        "model": {
          "type": "model",
          "model": "item/music_disc_fallenkingdomcaptainsparklezone"
        }
      },
      {
        "threshold": 10,
        "model": {
          "type": "model",
          "model": "item/music_disc_dontmineatnightbebopvoxone"
        }
      },
      {
        "threshold": 11,
        "model": {
          "type": "model",
          "model": "item/music_disc_maskdreamone"
        }
      },
      {
        "threshold": 12,
        "model": {
          "type": "model",
          "model": "item/music_disc_toxictilltheendrosone"
        }
      },
      {
        "threshold": 13,
        "model": {
          "type": "model",
          "model": "item/music_disc_espressosabrinacarpenterone"
        }
      },
      {
        "threshold": 14,
        "model": {
          "type": "model",
          "model": "item/music_disc_sleepervindsveptone"
        }
      }
    ]
  }
}