{
  "parent": "item/generated",
  "textures": {
    "layer0": "item/disc_fragment_5"
  },
  "overrides": [
    {
      "predicate": {
        "custom_model_data": 7
      },
      "model": "item/fragment_honeypiejawnyone"
    },
    {
      "predicate": {
        "custom_model_data": 2
      },
      "model": "item/fragment_badappleone"
    },
    {
      "predicate": {
        "custom_model_data": 1
      },
      "model": "item/fragment_californiagurlskatyperryone"
    },
    {
      "predicate": {
        "custom_model_data": 3
      },
      "model": "item/fragment_welcometotheinternetboburnhamone"
    },
    {
      "predicate": {
        "custom_model_data": 4
      },
      "model": "item/fragment_thephoenixfalloutboyone"
    },
    {
      "predicate": {
        "custom_model_data": 5
      },
      "model": "item/fragment_wedidntstartthefirebillyjoelone"
    },
    {
      "predicate": {
        "custom_model_data": 6
      },
      "model": "item/fragment_honeypiejawnyone"
    },
    {
      "predicate": {
        "custom_model_data": 7
      },
      "model": "item/fragment_badappleone"
    },
    {
      "predicate": {
        "custom_model_data": 2
      },
      "model": "item/fragment_californiagurlskatyperryone"
    },
    {
      "predicate": {
        "custom_model_data": 1
      },
      "model": "item/fragment_welcometotheinternetboburnhamone"
    },
    {
      "predicate": {
        "custom_model_data": 3
      },
      "model": "item/fragment_thephoenixfalloutboyone"
    },
    {
      "predicate": {
        "custom_model_data": 4
      },
      "model": "item/fragment_wedidntstartthefirebillyjoelone"
    },
    {
      "predicate": {
        "custom_model_data": 5
      },
      "model": "item/fragment_fentravisscottone"
    },
    {
      "predicate": {
        "custom_model_data": 8
      },
      "model": "item/fragment_howbadcanibetheloraxone"
    },
    {
      "predicate": {
        "custom_model_data": 9
      },
      "model": "item/fragment_fallenkingdomcaptainsparklezone"
    },
    {
      "predicate": {
        "custom_model_data": 10
      },
      "model": "item/fragment_dontmineatnightbebopvoxone"
    },
    {
      "predicate": {
        "custom_model_data": 11
      },
      "model": "item/fragment_maskdreamone"
    },
    {
      "predicate": {
        "custom_model_data": 12
      },
      "model": "item/fragment_toxictilltheendrosone"
    },
    {
      "predicate": {
        "custom_model_data": 13
      },
      "model": "item/fragment_espressosabrinacarpenterone"
    },
    {
      "predicate": {
        "custom_model_data": 14
      },
      "model": "item/fragment_sleepervindsveptone"
    }
  ]
}