{
  "parent": "item/generated",
  "textures": {
    "layer0": "item/music_disc_11"
  },
  "overrides": [
    {
      "predicate": {
        "custom_model_data": 7
      },
      "model": "item/music_disc_honeypiejawnyone"
    },
    {
      "predicate": {
        "custom_model_data": 2
      },
      "model": "item/music_disc_badappleone"
    },
    {
      "predicate": {
        "custom_model_data": 1
      },
      "model": "item/music_disc_californiagurlskatyperryone"
    },
    {
      "predicate": {
        "custom_model_data": 3
      },
      "model": "item/music_disc_welcometotheinternetboburnhamone"
    },
    {
      "predicate": {
        "custom_model_data": 4
      },
      "model": "item/music_disc_thephoenixfalloutboyone"
    },
    {
      "predicate": {
        "custom_model_data": 5
      },
      "model": "item/music_disc_wedidntstartthefirebillyjoelone"
    },
    {
      "predicate": {
        "custom_model_data": 6
      },
      "model": "item/music_disc_honeypiejawnyone"
    },
    {
      "predicate": {
        "custom_model_data": 7
      },
      "model": "item/music_disc_badappleone"
    },
    {
      "predicate": {
        "custom_model_data": 2
      },
      "model": "item/music_disc_californiagurlskatyperryone"
    },
    {
      "predicate": {
        "custom_model_data": 1
      },
      "model": "item/music_disc_welcometotheinternetboburnhamone"
    },
    {
      "predicate": {
        "custom_model_data": 3
      },
      "model": "item/music_disc_thephoenixfalloutboyone"
    },
    {
      "predicate": {
        "custom_model_data": 4
      },
      "model": "item/music_disc_wedidntstartthefirebillyjoelone"
    },
    {
      "predicate": {
        "custom_model_data": 5
      },
      "model": "item/music_disc_fentravisscottone"
    },
    {
      "predicate": {
        "custom_model_data": 8
      },
      "model": "item/music_disc_howbadcanibetheloraxone"
    },
    {
      "predicate": {
        "custom_model_data": 9
      },
      "model": "item/music_disc_fallenkingdomcaptainsparklezone"
    },
    {
      "predicate": {
        "custom_model_data": 10
      },
      "model": "item/music_disc_dontmineatnightbebopvoxone"
    },
    {
      "predicate": {
        "custom_model_data": 11
      },
      "model": "item/music_disc_maskdreamone"
    },
    {
      "predicate": {
        "custom_model_data": 12
      },
      "model": "item/music_disc_toxictilltheendrosone"
    },
    {
      "predicate": {
        "custom_model_data": 13
      },
      "model": "item/music_disc_espressosabrinacarpenterone"
    },
    {
      "predicate": {
        "custom_model_data": 14
      },
      "model": "item/music_disc_sleepervindsveptone"
    }
  ]
}