[
  {
    "title": "Honeypie",
    "author": "Jawny",
    "duration": 127,
    "disc-namespace": "honeypiejawnyone",
    "model-data": 2,
    "creeper-drop": true,
    "lores": [
      "Ooh, girl, don't you stop :wink:"
    ],
    "loot-tables": {
      "chests/shipwreck_map": 500,
      "chests/shipwreck_supply": 500,
      "chests/shipwreck_treasure": 500,
      "chests/stronghold_corridor": 500,
      "chests/stronghold_crossing": 500,
      "archaeology/ocean_ruin_cold": 50,
      "archaeology/ocean_ruin_warm": 50,
      "archaeology/desert_well": 50
    },
    "fragment-loot-tables": {}
  },
  {
    "title": "Bad Apple",
    "author": "",
    "duration": 220,
    "disc-namespace": "badappleone",
    "model-data": 1,
    "creeper-drop": true,
    "lores": [
      "HOT GIRLS"
    ],
    "loot-tables": {
      "spawners/trial_chamber/consumables": 50,
      "chests/desert_pyramid": 50,
      "chests/simple_dungeon": 50,
      "chests/nether_bridge": 50,
      "chests/abandoned_mineshaft": 50
    },
    "fragment-loot-tables": {}
  },
  {
    "title": "California Gurls",
    "author": "Katy Perry",
    "duration": 235,
    "disc-namespace": "californiagurlskatyperryone",
    "model-data": 3,
    "creeper-drop": true,
    "lores": [
      "CALIFORNIA GIRLS ARE UNFORGETTABLE DAISY DUKES BIKINIS ON TOP"
    ],
    "loot-tables": {
      "chests/desert_pyramid": 500,
      "archaeology/desert_pyramid": 50,
      "chests/igloo_chest": 50,
      "chests/underwater_ruin_big": 500,
      "chests/underwater_ruin_small": 500,
      "archaeology/ocean_ruin_cold": 50,
      "archaeology/ocean_ruin_warm": 50,
      "archaeology/desert_well": 50
    },
    "fragment-loot-tables": {}
  },
  {
    "title": "Welcome to the Internet",
    "author": "Bo Burnham",
    "duration": 281,
    "disc-namespace": "welcometotheinternetboburnhamone",
    "model-data": 4,
    "creeper-drop": true,
    "lores": [
      "Women's feet :salivation:"
    ],
    "loot-tables": {
      "chests/simple_dungeon": 1000
    },
    "fragment-loot-tables": {}
  },
  {
    "title": "The Phoenix",
    "author": "Fall Out Boy",
    "duration": 263,
    "disc-namespace": "thephoenixfalloutboyone",
    "model-data": 5,
    "creeper-drop": true,
    "lores": [
      "IT'S SO HOT"
    ],
    "loot-tables": {
      "chests/bastion_bridge": 500,
      "chests/bastion_hoglin_treasure": 500,
      "chests/bastion_other": 500,
      "chests/bastion_treasure": 500,
      "chests/nether_bridge": 500,
      "chests/ruined_portal": 500
    },
    "fragment-loot-tables": {}
  },
  {
    "title": "We Didn't Start the Fire",
    "author": "Billy Joel",
    "duration": 249,
    "disc-namespace": "wedidntstartthefirebillyjoelone",
    "model-data": 6,
    "creeper-drop": true,
    "lores": [
      "IT WAS ALWAYS BURNING SINCE THE WORLD WAS TURNING"
    ],
    "loot-tables": {
      "chests/bastion_bridge": 500,
      "chests/bastion_hoglin_treasure": 500,
      "chests/bastion_other": 500,
      "chests/bastion_treasure": 500,
      "chests/nether_bridge": 500,
      "chests/ruined_portal": 500
    },
    "fragment-loot-tables": {}
  }
]