{
  "honeypiejawnyone": {
    "sounds": [
      {
        "name": "records/honeypiejawnyone",
        "stream": true
      }
    ]
  },
  "badappleone": {
    "sounds": [
      {
        "name": "records/badappleone",
        "stream": true
      }
    ]
  },
  "californiagurlskatyperryone": {
    "sounds": [
      {
        "name": "records/californiagurlskatyperryone",
        "stream": true
      }
    ]
  },
  "welcometotheinternetboburnhamone": {
    "sounds": [
      {
        "name": "records/welcometotheinternetboburnhamone",
        "stream": true
      }
    ]
  },
  "thephoenixfalloutboyone": {
    "sounds": [
      {
        "name": "records/thephoenixfalloutboyone",
        "stream": true
      }
    ]
  },
  "wedidntstartthefirebillyjoelone": {
    "sounds": [
      {
        "name": "records/wedidntstartthefirebillyjoelone",
        "stream": true
      }
    ]
  }
}