{
  "honeypiejawnyone": {
    "sounds": [
      {
        "name": "records/honeypiejawnyone",
        "stream": true
      },
      {
        "name": "records/honeypiejawnyone",
        "stream": true
      }
    ]
  },
  "badappleone": {
    "sounds": [
      {
        "name": "records/badappleone",
        "stream": true
      },
      {
        "name": "records/badappleone",
        "stream": true
      }
    ]
  },
  "californiagurlskatyperryone": {
    "sounds": [
      {
        "name": "records/californiagurlskatyperryone",
        "stream": true
      },
      {
        "name": "records/californiagurlskatyperryone",
        "stream": true
      }
    ]
  },
  "welcometotheinternetboburnhamone": {
    "sounds": [
      {
        "name": "records/welcometotheinternetboburnhamone",
        "stream": true
      },
      {
        "name": "records/welcometotheinternetboburnhamone",
        "stream": true
      }
    ]
  },
  "thephoenixfalloutboyone": {
    "sounds": [
      {
        "name": "records/thephoenixfalloutboyone",
        "stream": true
      },
      {
        "name": "records/thephoenixfalloutboyone",
        "stream": true
      }
    ]
  },
  "wedidntstartthefirebillyjoelone": {
    "sounds": [
      {
        "name": "records/wedidntstartthefirebillyjoelone",
        "stream": true
      },
      {
        "name": "records/wedidntstartthefirebillyjoelone",
        "stream": true
      }
    ]
  },
  "fentravisscottone": {
    "sounds": [
      {
        "name": "records/fentravisscottone",
        "stream": true
      }
    ]
  },
  "howbadcanibetheloraxone": {
    "sounds": [
      {
        "name": "records/howbadcanibetheloraxone",
        "stream": true
      }
    ]
  },
  "fallenkingdomcaptainsparklezone": {
    "sounds": [
      {
        "name": "records/fallenkingdomcaptainsparklezone",
        "stream": true
      }
    ]
  },
  "dontmineatnightbebopvoxone": {
    "sounds": [
      {
        "name": "records/dontmineatnightbebopvoxone",
        "stream": true
      }
    ]
  },
  "maskdreamone": {
    "sounds": [
      {
        "name": "records/maskdreamone",
        "stream": true
      }
    ]
  },
  "toxictilltheendrosone": {
    "sounds": [
      {
        "name": "records/toxictilltheendrosone",
        "stream": true
      }
    ]
  },
  "espressosabrinacarpenterone": {
    "sounds": [
      {
        "name": "records/espressosabrinacarpenterone",
        "stream": true
      }
    ]
  },
  "sleepervindsveptone": {
    "sounds": [
      {
        "name": "records/sleepervindsveptone",
        "stream": true
      }
    ]
  }
}