{
  "parent": "item/generated",
  "textures": {
    "layer0": "item/disc_fragment_5"
  },
  "overrides": [
    {
      "predicate": {
        "custom_model_data": 2
      },
      "model": "item/fragment_honeypiejawnyone"
    },
    {
      "predicate": {
        "custom_model_data": 1
      },
      "model": "item/fragment_badappleone"
    },
    {
      "predicate": {
        "custom_model_data": 3
      },
      "model": "item/fragment_californiagurlskatyperryone"
    },
    {
      "predicate": {
        "custom_model_data": 4
      },
      "model": "item/fragment_welcometotheinternetboburnhamone"
    },
    {
      "predicate": {
        "custom_model_data": 5
      },
      "model": "item/fragment_thephoenixfalloutboyone"
    },
    {
      "predicate": {
        "custom_model_data": 6
      },
      "model": "item/fragment_wedidntstartthefirebillyjoelone"
    }
  ]
}