{
  "parent": "item/generated",
  "textures": {
    "layer0": "item/music_disc_11"
  },
  "overrides": [
    {
      "predicate": {
        "custom_model_data": 2
      },
      "model": "item/music_disc_honeypiejawnyone"
    },
    {
      "predicate": {
        "custom_model_data": 1
      },
      "model": "item/music_disc_badappleone"
    },
    {
      "predicate": {
        "custom_model_data": 3
      },
      "model": "item/music_disc_californiagurlskatyperryone"
    },
    {
      "predicate": {
        "custom_model_data": 4
      },
      "model": "item/music_disc_welcometotheinternetboburnhamone"
    },
    {
      "predicate": {
        "custom_model_data": 5
      },
      "model": "item/music_disc_thephoenixfalloutboyone"
    },
    {
      "predicate": {
        "custom_model_data": 6
      },
      "model": "item/music_disc_wedidntstartthefirebillyjoelone"
    }
  ]
}