[
  {
    "title": "Honeypie",
    "author": "Jawny",
    "duration": 127,
    "disc-namespace": "honeypiejawnyone",
    "model-data": 17,
    "creeper-drop": true,
    "lores": [
      "Ooh, girl, don't you stop :wink:"
    ],
    "loot-tables": {
      "chests/shipwreck_map": 500,
      "chests/shipwreck_supply": 500,
      "chests/shipwreck_treasure": 500,
      "chests/stronghold_corridor": 500,
      "chests/stronghold_crossing": 500,
      "archaeology/ocean_ruin_cold": 1,
      "archaeology/ocean_ruin_warm": 1,
      "archaeology/desert_well": 1
    },
    "fragment-loot-tables": {}
  },
  {
    "title": "Bad Apple",
    "author": "",
    "duration": 220,
    "disc-namespace": "badappleone",
    "model-data": 14,
    "creeper-drop": true,
    "lores": [
      "HOT GIRLS"
    ],
    "loot-tables": {
      "spawners/trial_chamber/consumables": 50,
      "chests/desert_pyramid": 50,
      "chests/simple_dungeon": 10,
      "chests/nether_bridge": 10,
      "chests/abandoned_mineshaft": 10
    },
    "fragment-loot-tables": {}
  },
  {
    "title": "California Gurls",
    "author": "Katy Perry",
    "duration": 235,
    "disc-namespace": "californiagurlskatyperryone",
    "model-data": 15,
    "creeper-drop": true,
    "lores": [
      "CALIFORNIA GIRLS ARE UNFORGETTABLE DAISY DUKES BIKINIS ON TOP"
    ],
    "loot-tables": {
      "chests/desert_pyramid": 100,
      "archaeology/desert_pyramid": 1,
      "chests/igloo_chest": 100,
      "chests/underwater_ruin_big": 50,
      "chests/underwater_ruin_small": 50,
      "archaeology/ocean_ruin_cold": 1,
      "archaeology/ocean_ruin_warm": 1,
      "archaeology/desert_well": 1
    },
    "fragment-loot-tables": {}
  },
  {
    "title": "Welcome to the Internet",
    "author": "Bo Burnham",
    "duration": 281,
    "disc-namespace": "welcometotheinternetboburnhamone",
    "model-data": 6,
    "creeper-drop": true,
    "lores": [
      "Women's feet :salivation:"
    ],
    "loot-tables": {
      "chests/simple_dungeon": 10,
      "chests/woodland_mansion": 10
    },
    "fragment-loot-tables": {}
  },
  {
    "title": "The Phoenix",
    "author": "Fall Out Boy",
    "duration": 263,
    "disc-namespace": "thephoenixfalloutboyone",
    "model-data": 7,
    "creeper-drop": true,
    "lores": [
      "IT'S SO HOT"
    ],
    "loot-tables": {
      "chests/bastion_bridge": 500,
      "chests/bastion_hoglin_treasure": 500,
      "chests/bastion_other": 500,
      "chests/bastion_treasure": 500,
      "chests/nether_bridge": 10,
      "chests/ruined_portal": 10
    },
    "fragment-loot-tables": {}
  },
  {
    "title": "We Didn't Start the Fire",
    "author": "Billy Joel",
    "duration": 249,
    "disc-namespace": "wedidntstartthefirebillyjoelone",
    "model-data": 2,
    "creeper-drop": true,
    "lores": [
      "IT WAS ALWAYS BURNING SINCE THE WORLD WAS TURNING"
    ],
    "loot-tables": {
      "chests/bastion_bridge": 10,
      "chests/bastion_hoglin_treasure": 10,
      "chests/bastion_other": 10,
      "chests/bastion_treasure": 10,
      "chests/nether_bridge": 10,
      "chests/ruined_portal": 10
    },
    "fragment-loot-tables": {}
  },
  {
    "title": "FE!N",
    "author": "Travis Scott",
    "duration": 210,
    "disc-namespace": "fentravisscottone",
    "model-data": 1,
    "creeper-drop": true,
    "lores": [],
    "loot-tables": {
      "pots/trial_chambers/corridor": 10,
      "chests/village/village_plains_house": 10,
      "chests/village/village_savanna_house": 10,
      "chests/village/village_desert_house": 10,
      "chests/village/village_snowy_house": 10,
      "chests/village/village_taiga_house": 10,
      "chests/woodland_mansion": 10,
      "chests/pillager_outpost": 50,
      "chests/abandoned_mineshaft": 10
    },
    "fragment-loot-tables": {}
  },
  {
    "title": "How Bad Can I Be?",
    "author": "The Lorax",
    "duration": 173,
    "disc-namespace": "howbadcanibetheloraxone",
    "model-data": 3,
    "creeper-drop": true,
    "lores": [
      "Lormax"
    ],
    "loot-tables": {
      "chests/trial_chambers/supply": 10,
      "chests/trial_chambers/intersection_barrel": 10,
      "chests/trial_chambers/intersection": 10,
      "chests/trial_chambers/entrance": 10,
      "chests/trial_chambers/corridor": 10,
      "pots/trial_chambers/corridor": 10
    },
    "fragment-loot-tables": {}
  },
  {
    "title": "Fallen Kingdom",
    "author": "CaptainSparklez",
    "duration": 288,
    "disc-namespace": "fallenkingdomcaptainsparklezone",
    "model-data": 4,
    "creeper-drop": true,
    "lores": [
      "I'm unfortunately not adding the whole series"
    ],
    "loot-tables": {
      "chests/ancient_city": 10,
      "chests/ancient_city_ice_box": 10
    },
    "fragment-loot-tables": {}
  },
  {
    "title": "Don't Mine At Night",
    "author": "Bebop Vox ",
    "duration": 229,
    "disc-namespace": "dontmineatnightbebopvoxone",
    "model-data": 5,
    "creeper-drop": true,
    "lores": [
      "Listen to the words"
    ],
    "loot-tables": {
      "chests/simple_dungeon": 10,
      "chests/stronghold_corridor": 10,
      "chests/stronghold_crossing": 10
    },
    "fragment-loot-tables": {}
  },
  {
    "title": "Mask",
    "author": "Dream",
    "duration": 184,
    "disc-namespace": "maskdreamone",
    "model-data": 8,
    "creeper-drop": true,
    "lores": [
      "That's what the point of the mask is"
    ],
    "loot-tables": {
      "chests/village/village_plains_house": 10,
      "chests/village/village_savanna_house": 10,
      "chests/village/village_desert_house": 10,
      "chests/village/village_snowy_house": 10,
      "chests/village/village_taiga_house": 10
    },
    "fragment-loot-tables": {}
  },
  {
    "title": "toxic till the end",
    "author": "ROSÉ",
    "duration": 234,
    "disc-namespace": "toxictilltheendrosone",
    "model-data": 9,
    "creeper-drop": true,
    "lores": [
      "I love love stories"
    ],
    "loot-tables": {
      "chests/village/village_plains_house": 10,
      "chests/village/village_savanna_house": 10,
      "chests/village/village_desert_house": 10,
      "chests/village/village_snowy_house": 10,
      "chests/village/village_taiga_house": 10
    },
    "fragment-loot-tables": {}
  },
  {
    "title": "Espresso",
    "author": "Sabrina Carpenter",
    "duration": 201,
    "disc-namespace": "espressosabrinacarpenterone",
    "model-data": 10,
    "creeper-drop": true,
    "lores": [
      "sbina karpet"
    ],
    "loot-tables": {
      "chests/desert_pyramid": 10,
      "archaeology/desert_pyramid": 1,
      "chests/underwater_ruin_big": 10,
      "chests/underwater_ruin_small": 10,
      "archaeology/ocean_ruin_cold": 1,
      "archaeology/ocean_ruin_warm": 1,
      "archaeology/trail_ruins_common": 1,
      "archaeology/trail_ruins_rare": 1,
      "archaeology/desert_well": 1
    },
    "fragment-loot-tables": {}
  },
  {
    "title": "Sleeper",
    "author": "Vindsvept",
    "duration": 185,
    "disc-namespace": "sleepervindsveptone",
    "model-data": 11,
    "creeper-drop": true,
    "lores": [
      "fantasy"
    ],
    "loot-tables": {
      "chests/shipwreck_map": 10,
      "chests/shipwreck_supply": 10,
      "chests/shipwreck_treasure": 10
    },
    "fragment-loot-tables": {}
  },
  {
    "title": "golden hour",
    "author": "JVKE",
    "duration": 232,
    "disc-namespace": "goldenhourjvkeone",
    "model-data": 12,
    "creeper-drop": true,
    "lores": [
      "This song is annoying"
    ],
    "loot-tables": {
      "chests/shipwreck_map": 10,
      "chests/shipwreck_supply": 10,
      "chests/shipwreck_treasure": 10,
      "chests/stronghold_corridor": 10,
      "chests/stronghold_crossing": 10
    },
    "fragment-loot-tables": {}
  },
  {
    "title": "I Miss the Rage",
    "author": "Mario Judah",
    "duration": 176,
    "disc-namespace": "imisstheragemariojudahone",
    "model-data": 13,
    "creeper-drop": true,
    "lores": [
      "I MISS THE RAGE!!! 📢📢📢❗❗❗🤬🤬🤬"
    ],
    "loot-tables": {},
    "fragment-loot-tables": {}
  },
  {
    "title": "FLINT AND STEEL",
    "author": "EpochGD",
    "duration": 63,
    "disc-namespace": "flintandsteelepochgdone",
    "model-data": 16,
    "creeper-drop": true,
    "lores": [],
    "loot-tables": {
      "chests/ruined_portal": 999
    },
    "fragment-loot-tables": {}
  },
  {
    "title": "「恋愛サーキュレーション」歌ってみた【＊なみりん】",
    "author": "Renai Circulation",
    "duration": 255,
    "disc-namespace": "renaicirculationone",
    "model-data": 18,
    "creeper-drop": true,
    "lores": [
      "I don't know what any of those characters mean"
    ],
    "loot-tables": {
      "chests/igloo_chest": 100,
      "archaeology/trail_ruins_rare": 3,
      "archaeology/trail_ruins_common": 5
    },
    "fragment-loot-tables": {}
  },
  {
    "title": "Nippon Egao Hyakkei",
    "author": "Momoiro Clover Z",
    "duration": 231,
    "disc-namespace": "nipponegaohyakkeimomoirocloverzone",
    "model-data": 19,
    "creeper-drop": true,
    "lores": [
      "HELP I DON'T KNOW WHO THE AUTHOR IS<div>WHAT ARE THESE CHARACTERS</div>"
    ],
    "loot-tables": {
      "chests/jungle_temple": 50,
      "chests/shipwreck_map": 50,
      "chests/shipwreck_supply": 50,
      "chests/shipwreck_treasure": 50
    },
    "fragment-loot-tables": {}
  },
  {
    "title": "I CAN SWING MY SWORD!",
    "author": "Tobuscus",
    "duration": 102,
    "disc-namespace": "icanswingmyswordtobuscusone",
    "model-data": 20,
    "creeper-drop": true,
    "lores": [
      "sord"
    ],
    "loot-tables": {
      "chests/trial_chambers/supply": 10,
      "chests/trial_chambers/intersection_barrel": 10,
      "chests/trial_chambers/intersection": 10,
      "chests/trial_chambers/entrance": 10,
      "chests/trial_chambers/corridor": 10,
      "pots/trial_chambers/corridor": 5,
      "chests/trial_chambers/reward": 4,
      "chests/trial_chambers/reward_ominous": 1,
      "spawners/trial_chamber/consumables": 2,
      "spawners/ominous/trial_chamber/consumables": 10,
      "chests/ancient_city": 10,
      "chests/ancient_city_ice_box": 10,
      "chests/bastion_bridge": 10,
      "chests/bastion_hoglin_treasure": 10,
      "chests/bastion_other": 10,
      "chests/bastion_treasure": 10,
      "chests/simple_dungeon": 10,
      "chests/nether_bridge": 10,
      "chests/pillager_outpost": 10,
      "chests/stronghold_corridor": 10,
      "chests/stronghold_crossing": 10,
      "chests/village/village_plains_house": 10,
      "chests/village/village_savanna_house": 10,
      "chests/village/village_desert_house": 10,
      "chests/village/village_snowy_house": 10,
      "chests/village/village_taiga_house": 10
    },
    "fragment-loot-tables": {}
  },
  {
    "title": "SAFETY TORCH!!",
    "author": "Tobuscus",
    "duration": 83,
    "disc-namespace": "safetytorchtobuscusone",
    "model-data": 21,
    "creeper-drop": true,
    "lores": [
      "don't burn your house down"
    ],
    "loot-tables": {
      "chests/simple_dungeon": 10,
      "chests/stronghold_corridor": 10,
      "chests/stronghold_crossing": 10,
      "chests/village/village_plains_house": 10,
      "chests/village/village_savanna_house": 10,
      "chests/village/village_desert_house": 10,
      "chests/village/village_snowy_house": 10,
      "chests/village/village_taiga_house": 10,
      "chests/abandoned_mineshaft": 10
    },
    "fragment-loot-tables": {}
  },
  {
    "title": "Viva La Vida",
    "author": "Coldplay",
    "duration": 243,
    "disc-namespace": "vivalavidacoldplayone",
    "model-data": 22,
    "creeper-drop": true,
    "lores": [
      "best song in the game - real"
    ],
    "loot-tables": {
      "chests/ancient_city": 100,
      "chests/ancient_city_ice_box": 100,
      "chests/village/village_plains_house": 100,
      "chests/village/village_savanna_house": 100,
      "chests/village/village_desert_house": 100,
      "chests/village/village_snowy_house": 100,
      "chests/village/village_taiga_house": 100
    },
    "fragment-loot-tables": {}
  },
  {
    "title": "Poison",
    "author": "Hazbin Hotel",
    "duration": 140,
    "disc-namespace": "poisonhazbinhotelone",
    "model-data": 23,
    "creeper-drop": true,
    "lores": [
      "little gay femboy"
    ],
    "loot-tables": {
      "chests/bastion_bridge": 10,
      "chests/bastion_hoglin_treasure": 10,
      "chests/bastion_other": 10,
      "chests/bastion_treasure": 10,
      "chests/nether_bridge": 10,
      "chests/ruined_portal": 10
    },
    "fragment-loot-tables": {}
  },
  {
    "title": "Respectless",
    "author": "Hazbin Hotel",
    "duration": 120,
    "disc-namespace": "respectlesshazbinhotelone",
    "model-data": 24,
    "creeper-drop": true,
    "lores": [
      "show some respect, dumb head"
    ],
    "loot-tables": {
      "chests/bastion_bridge": 10,
      "chests/bastion_hoglin_treasure": 10,
      "chests/bastion_other": 10,
      "chests/bastion_treasure": 10,
      "chests/nether_bridge": 10,
      "chests/ruined_portal": 10
    },
    "fragment-loot-tables": {}
  },
  {
    "title": "Loser, Baby",
    "author": "Hazbin Hotel",
    "duration": 183,
    "disc-namespace": "loserbabyhazbinhotelone",
    "model-data": 25,
    "creeper-drop": true,
    "lores": [
      "two gay people :poggers:"
    ],
    "loot-tables": {
      "chests/bastion_bridge": 10,
      "chests/bastion_hoglin_treasure": 10,
      "chests/bastion_other": 10,
      "chests/bastion_treasure": 10,
      "chests/nether_bridge": 10,
      "chests/ruined_portal": 10
    },
    "fragment-loot-tables": {}
  },
  {
    "title": "Hell's Greatest Dad",
    "author": "Hazbin Hotel",
    "duration": 151,
    "disc-namespace": "hellsgreatestdadhazbinhotelone",
    "model-data": 26,
    "creeper-drop": true,
    "lores": [
      "daddy issues :D"
    ],
    "loot-tables": {
      "chests/bastion_bridge": 10,
      "chests/bastion_hoglin_treasure": 10,
      "chests/bastion_other": 10,
      "chests/bastion_treasure": 10,
      "chests/nether_bridge": 10,
      "chests/ruined_portal": 10
    },
    "fragment-loot-tables": {}
  },
  {
    "title": "Stayed Gone",
    "author": "Hazbin Hotel",
    "duration": 182,
    "disc-namespace": "stayedgonehazbinhotelone",
    "model-data": 27,
    "creeper-drop": true,
    "lores": [
      "haha radio cool and tv bad"
    ],
    "loot-tables": {
      "chests/bastion_bridge": 10,
      "chests/bastion_hoglin_treasure": 10,
      "chests/bastion_other": 10,
      "chests/bastion_treasure": 10,
      "chests/nether_bridge": 10,
      "chests/ruined_portal": 10
    },
    "fragment-loot-tables": {}
  },
  {
    "title": "Hell is Forever",
    "author": "Hazbin Hotel",
    "duration": 158,
    "disc-namespace": "hellisforeverhazbinhotelone",
    "model-data": 28,
    "creeper-drop": true,
    "lores": [
      "i don't believe in god"
    ],
    "loot-tables": {},
    "fragment-loot-tables": {}
  },
  {
    "title": "INSANE",
    "author": "Black Gryph0n",
    "duration": 163,
    "disc-namespace": "insaneblackgryphzeronone",
    "model-data": 29,
    "creeper-drop": true,
    "lores": [],
    "loot-tables": {
      "chests/bastion_bridge": 10,
      "chests/bastion_hoglin_treasure": 10,
      "chests/bastion_other": 10,
      "chests/bastion_treasure": 10,
      "chests/nether_bridge": 10,
      "chests/ruined_portal": 10
    },
    "fragment-loot-tables": {}
  },
  {
    "title": "Find the Pieces",
    "author": "CaptainSparklez",
    "duration": 337,
    "disc-namespace": "findthepiecescaptainsparklezone",
    "model-data": 30,
    "creeper-drop": true,
    "lores": [
      "objectively the worst song in the series"
    ],
    "loot-tables": {
      "chests/bastion_bridge": 10,
      "chests/bastion_hoglin_treasure": 10,
      "chests/bastion_other": 10,
      "chests/bastion_treasure": 10,
      "chests/nether_bridge": 10,
      "chests/ruined_portal": 10,
      "chests/village/village_plains_house": 10,
      "chests/village/village_savanna_house": 10,
      "chests/village/village_desert_house": 10,
      "chests/village/village_snowy_house": 10,
      "chests/village/village_taiga_house": 10
    },
    "fragment-loot-tables": {}
  },
  {
    "title": "Take Back the Night",
    "author": "CaptainSparklez",
    "duration": 391,
    "disc-namespace": "takebackthenightcaptainsparklezone",
    "model-data": 31,
    "creeper-drop": true,
    "lores": [
      "BEST OF THE SERIES"
    ],
    "loot-tables": {
      "chests/bastion_bridge": 10,
      "chests/bastion_hoglin_treasure": 10,
      "chests/bastion_other": 10,
      "chests/bastion_treasure": 10,
      "chests/nether_bridge": 10,
      "chests/ruined_portal": 10,
      "chests/village/village_plains_house": 10,
      "chests/village/village_savanna_house": 10,
      "chests/village/village_desert_house": 10,
      "chests/village/village_snowy_house": 10,
      "chests/village/village_taiga_house": 10
    },
    "fragment-loot-tables": {}
  },
  {
    "title": "Dragonhearted",
    "author": "CaptainSparklez",
    "duration": 331,
    "disc-namespace": "dragonheartedcaptainsparklezone",
    "model-data": 32,
    "creeper-drop": true,
    "lores": [
      "ONE OF THE BEST OF THE SERIES"
    ],
    "loot-tables": {
      "chests/bastion_bridge": 10,
      "chests/bastion_hoglin_treasure": 10,
      "chests/bastion_other": 10,
      "chests/bastion_treasure": 10,
      "chests/end_city_treasure": 10,
      "chests/nether_bridge": 10,
      "chests/ruined_portal": 10,
      "chests/shipwreck_map": 10,
      "chests/shipwreck_supply": 10,
      "chests/shipwreck_treasure": 10,
      "chests/village/village_plains_house": 10,
      "chests/village/village_savanna_house": 10,
      "chests/village/village_desert_house": 10,
      "chests/village/village_snowy_house": 10,
      "chests/village/village_taiga_house": 10
    },
    "fragment-loot-tables": {}
  },
  {
    "title": "Rising Kingdom",
    "author": "CaptainSparklez",
    "duration": 264,
    "disc-namespace": "risingkingdomcaptainsparklezone",
    "model-data": 33,
    "creeper-drop": true,
    "lores": [
      "MAKE THE KINGDOM RISE"
    ],
    "loot-tables": {
      "chests/ancient_city": 10,
      "chests/ancient_city_ice_box": 10,
      "chests/village/village_plains_house": 10,
      "chests/village/village_savanna_house": 10,
      "chests/village/village_desert_house": 10,
      "chests/village/village_snowy_house": 10,
      "chests/village/village_taiga_house": 10
    },
    "fragment-loot-tables": {}
  }
]