{
  "model": {
    "type": "range_dispatch",
    "property": "custom_model_data",
    "fallback": {
      "type": "model",
      "model": "item/disc_fragment_5"
    },
    "entries": [
      {
        "threshold": 2,
        "model": {
          "type": "model",
          "model": "item/fragment_honeypiejawnyone"
        }
      },
      {
        "threshold": 1,
        "model": {
          "type": "model",
          "model": "item/fragment_badappleone"
        }
      },
      {
        "threshold": 3,
        "model": {
          "type": "model",
          "model": "item/fragment_californiagurlskatyperryone"
        }
      },
      {
        "threshold": 4,
        "model": {
          "type": "model",
          "model": "item/fragment_welcometotheinternetboburnhamone"
        }
      },
      {
        "threshold": 5,
        "model": {
          "type": "model",
          "model": "item/fragment_thephoenixfalloutboyone"
        }
      },
      {
        "threshold": 6,
        "model": {
          "type": "model",
          "model": "item/fragment_wedidntstartthefirebillyjoelone"
        }
      }
    ]
  }
}