{
  "model": {
    "type": "range_dispatch",
    "property": "custom_model_data",
    "fallback": {
      "type": "model",
      "model": "item/music_disc_11"
    },
    "entries": [
      {
        "threshold": 2,
        "model": {
          "type": "model",
          "model": "item/music_disc_honeypiejawnyone"
        }
      },
      {
        "threshold": 1,
        "model": {
          "type": "model",
          "model": "item/music_disc_badappleone"
        }
      },
      {
        "threshold": 3,
        "model": {
          "type": "model",
          "model": "item/music_disc_californiagurlskatyperryone"
        }
      },
      {
        "threshold": 4,
        "model": {
          "type": "model",
          "model": "item/music_disc_welcometotheinternetboburnhamone"
        }
      },
      {
        "threshold": 5,
        "model": {
          "type": "model",
          "model": "item/music_disc_thephoenixfalloutboyone"
        }
      },
      {
        "threshold": 6,
        "model": {
          "type": "model",
          "model": "item/music_disc_wedidntstartthefirebillyjoelone"
        }
      }
    ]
  }
}