[
  {
    "title": "Honeypie",
    "author": "Jawny",
    "duration": 127,
    "disc-namespace": "honeypiejawnyone",
    "model-data": 6,
    "creeper-drop": true,
    "lores": [
      "Ooh, girl, don't you stop :wink:"
    ],
    "loot-tables": {
      "chests/shipwreck_map": 500,
      "chests/shipwreck_supply": 500,
      "chests/shipwreck_treasure": 500,
      "chests/stronghold_corridor": 500,
      "chests/stronghold_crossing": 500,
      "archaeology/ocean_ruin_cold": 1,
      "archaeology/ocean_ruin_warm": 1,
      "archaeology/desert_well": 1
    },
    "fragment-loot-tables": {}
  },
  {
    "title": "Bad Apple",
    "author": "",
    "duration": 220,
    "disc-namespace": "badappleone",
    "model-data": 7,
    "creeper-drop": true,
    "lores": [
      "HOT GIRLS"
    ],
    "loot-tables": {
      "spawners/trial_chamber/consumables": 50,
      "chests/desert_pyramid": 50,
      "chests/simple_dungeon": 10,
      "chests/nether_bridge": 10,
      "chests/abandoned_mineshaft": 10
    },
    "fragment-loot-tables": {}
  },
  {
    "title": "California Gurls",
    "author": "Katy Perry",
    "duration": 235,
    "disc-namespace": "californiagurlskatyperryone",
    "model-data": 2,
    "creeper-drop": true,
    "lores": [
      "CALIFORNIA GIRLS ARE UNFORGETTABLE DAISY DUKES BIKINIS ON TOP"
    ],
    "loot-tables": {
      "chests/desert_pyramid": 100,
      "archaeology/desert_pyramid": 1,
      "chests/igloo_chest": 100,
      "chests/underwater_ruin_big": 50,
      "chests/underwater_ruin_small": 50,
      "archaeology/ocean_ruin_cold": 1,
      "archaeology/ocean_ruin_warm": 1,
      "archaeology/desert_well": 1
    },
    "fragment-loot-tables": {}
  },
  {
    "title": "Welcome to the Internet",
    "author": "Bo Burnham",
    "duration": 281,
    "disc-namespace": "welcometotheinternetboburnhamone",
    "model-data": 1,
    "creeper-drop": true,
    "lores": [
      "Women's feet :salivation:"
    ],
    "loot-tables": {
      "chests/simple_dungeon": 10,
      "chests/woodland_mansion": 10
    },
    "fragment-loot-tables": {}
  },
  {
    "title": "The Phoenix",
    "author": "Fall Out Boy",
    "duration": 263,
    "disc-namespace": "thephoenixfalloutboyone",
    "model-data": 3,
    "creeper-drop": true,
    "lores": [
      "IT'S SO HOT"
    ],
    "loot-tables": {
      "chests/bastion_bridge": 500,
      "chests/bastion_hoglin_treasure": 500,
      "chests/bastion_other": 500,
      "chests/bastion_treasure": 500,
      "chests/nether_bridge": 10,
      "chests/ruined_portal": 10
    },
    "fragment-loot-tables": {}
  },
  {
    "title": "We Didn't Start the Fire",
    "author": "Billy Joel",
    "duration": 249,
    "disc-namespace": "wedidntstartthefirebillyjoelone",
    "model-data": 4,
    "creeper-drop": true,
    "lores": [
      "IT WAS ALWAYS BURNING SINCE THE WORLD WAS TURNING"
    ],
    "loot-tables": {
      "chests/bastion_bridge": 10,
      "chests/bastion_hoglin_treasure": 10,
      "chests/bastion_other": 10,
      "chests/bastion_treasure": 10,
      "chests/nether_bridge": 10,
      "chests/ruined_portal": 10
    },
    "fragment-loot-tables": {}
  },
  {
    "title": "FE!N",
    "author": "Travis Scott",
    "duration": 210,
    "disc-namespace": "fentravisscottone",
    "model-data": 5,
    "creeper-drop": true,
    "lores": [],
    "loot-tables": {
      "pots/trial_chambers/corridor": 10,
      "chests/village/village_plains_house": 10,
      "chests/village/village_savanna_house": 10,
      "chests/village/village_desert_house": 10,
      "chests/village/village_snowy_house": 10,
      "chests/village/village_taiga_house": 10,
      "chests/woodland_mansion": 10
    },
    "fragment-loot-tables": {}
  },
  {
    "title": "How Bad Can I Be?",
    "author": "The Lorax",
    "duration": 173,
    "disc-namespace": "howbadcanibetheloraxone",
    "model-data": 8,
    "creeper-drop": true,
    "lores": [
      "Lormax"
    ],
    "loot-tables": {
      "chests/trial_chambers/supply": 10,
      "chests/trial_chambers/intersection_barrel": 10,
      "chests/trial_chambers/intersection": 10,
      "chests/trial_chambers/entrance": 10,
      "chests/trial_chambers/corridor": 10,
      "pots/trial_chambers/corridor": 10
    },
    "fragment-loot-tables": {}
  },
  {
    "title": "Fallen Kingdom",
    "author": "CaptainSparklez",
    "duration": 288,
    "disc-namespace": "fallenkingdomcaptainsparklezone",
    "model-data": 9,
    "creeper-drop": true,
    "lores": [
      "I'm unfortunately not adding the whole series"
    ],
    "loot-tables": {
      "chests/ancient_city": 10,
      "chests/ancient_city_ice_box": 10
    },
    "fragment-loot-tables": {}
  },
  {
    "title": "Don't Mine At Night",
    "author": "Bebop Vox ",
    "duration": 229,
    "disc-namespace": "dontmineatnightbebopvoxone",
    "model-data": 10,
    "creeper-drop": true,
    "lores": [
      "Listen to the words"
    ],
    "loot-tables": {
      "chests/simple_dungeon": 10,
      "chests/stronghold_corridor": 10,
      "chests/stronghold_crossing": 10
    },
    "fragment-loot-tables": {}
  },
  {
    "title": "Mask",
    "author": "Dream",
    "duration": 184,
    "disc-namespace": "maskdreamone",
    "model-data": 11,
    "creeper-drop": true,
    "lores": [
      "That's what the point of the mask is"
    ],
    "loot-tables": {
      "chests/village/village_plains_house": 10,
      "chests/village/village_savanna_house": 10,
      "chests/village/village_desert_house": 10,
      "chests/village/village_snowy_house": 10,
      "chests/village/village_taiga_house": 10
    },
    "fragment-loot-tables": {}
  },
  {
    "title": "toxic till the end",
    "author": "ROSÉ",
    "duration": 234,
    "disc-namespace": "toxictilltheendrosone",
    "model-data": 12,
    "creeper-drop": true,
    "lores": [
      "I love love stories"
    ],
    "loot-tables": {
      "chests/village/village_plains_house": 10,
      "chests/village/village_savanna_house": 10,
      "chests/village/village_desert_house": 10,
      "chests/village/village_snowy_house": 10,
      "chests/village/village_taiga_house": 10
    },
    "fragment-loot-tables": {}
  },
  {
    "title": "Espresso",
    "author": "Sabrina Carpenter",
    "duration": 201,
    "disc-namespace": "espressosabrinacarpenterone",
    "model-data": 13,
    "creeper-drop": true,
    "lores": [
      "sbina karpet"
    ],
    "loot-tables": {
      "chests/desert_pyramid": 10,
      "archaeology/desert_pyramid": 1,
      "chests/underwater_ruin_big": 10,
      "chests/underwater_ruin_small": 10,
      "archaeology/ocean_ruin_cold": 1,
      "archaeology/ocean_ruin_warm": 1,
      "archaeology/trail_ruins_common": 1,
      "archaeology/trail_ruins_rare": 1,
      "archaeology/desert_well": 1
    },
    "fragment-loot-tables": {}
  },
  {
    "title": "Sleeper",
    "author": "Vindsvept",
    "duration": 185,
    "disc-namespace": "sleepervindsveptone",
    "model-data": 14,
    "creeper-drop": true,
    "lores": [
      "fantasy"
    ],
    "loot-tables": {
      "chests/shipwreck_map": 10,
      "chests/shipwreck_supply": 10,
      "chests/shipwreck_treasure": 10
    },
    "fragment-loot-tables": {}
  }
]